Workbook

Sheet Dashboard
A1: Work Tracker - Dashboard
A2: Everything here is calculated from the Tasks and Ideas sheets. Nothing to type on this page. | E2: Today: | F2: =TODAY() -> 46313
A4: Needs attention | B4: Count | D4: Tasks by status | E4: Count | G4: Open tasks by priority | H4: Count
A5: Overdue | B5: =COUNTIF(Tasks!$H$5:$H$504,"OVERDUE") -> 1 | D5: =Lists!A4 -> Not Started | E5: =COUNTIF(Tasks!$E$5:$E$504,Lists!A4) -> 1 | G5: =Lists!B4 -> P1 - Critical | H5: =SUMPRODUCT((Tasks!$D$5:$D$504=Lists!B4)*(Tasks!$E$5:$E$504<>"Done")*(Tasks!$E$5:$E$504<>"Cancelled")*(Tasks!$B$5:$B$504<>"")) -> 1
A6: Due today | B6: =COUNTIF(Tasks!$H$5:$H$504,"DUE TODAY") -> 0 | D6: =Lists!A5 -> In Progress | E6: =COUNTIF(Tasks!$E$5:$E$504,Lists!A5) -> 1 | G6: =Lists!B5 -> P2 - High | H6: =SUMPRODUCT((Tasks!$D$5:$D$504=Lists!B5)*(Tasks!$E$5:$E$504<>"Done")*(Tasks!$E$5:$E$504<>"Cancelled")*(Tasks!$B$5:$B$504<>"")) -> 2
A7: Due in next 3 days | B7: =COUNTIF(Tasks!$H$5:$H$504,"DUE SOON") -> 1 | D7: =Lists!A6 -> Done | E7: =COUNTIF(Tasks!$E$5:$E$504,Lists!A6) -> 1 | G7: =Lists!B6 -> P3 - Medium | H7: =SUMPRODUCT((Tasks!$D$5:$D$504=Lists!B6)*(Tasks!$E$5:$E$504<>"Done")*(Tasks!$E$5:$E$504<>"Cancelled")*(Tasks!$B$5:$B$504<>"")) -> 1
A8: Due in next 7 days (open) | B8: =SUMPRODUCT((Tasks!$F$5:$F$504>=TODAY())*(Tasks!$F$5:$F$504<=TODAY()+7)*(Tasks!$E$5:$E$504<>"Done")*(Tasks!$E$5:$E$504<>"Cancelled")*(Tasks!$F$5:$F$504<>"")) -> 2 | D8: =Lists!A7 -> Blocked | E8: =COUNTIF(Tasks!$E$5:$E$504,Lists!A7) -> 1 | G8: =Lists!B7 -> P4 - Low | H8: =SUMPRODUCT((Tasks!$D$5:$D$504=Lists!B7)*(Tasks!$E$5:$E$504<>"Done")*(Tasks!$E$5:$E$504<>"Cancelled")*(Tasks!$B$5:$B$504<>"")) -> 1
A9: Blocked | B9: =COUNTIF(Tasks!$E$5:$E$504,"Blocked") -> 1 | D9: =Lists!A8 -> Postponed | E9: =COUNTIF(Tasks!$E$5:$E$504,Lists!A8) -> 1
A10: Waiting on someone | B10: =COUNTIF(Tasks!$E$5:$E$504,"Waiting") -> 1 | D10: =Lists!A9 -> Waiting | E10: =COUNTIF(Tasks!$E$5:$E$504,Lists!A9) -> 1 | G10: Open tasks by category | H10: Count
A11: Open with no due date | B11: =SUMPRODUCT((Tasks!$B$5:$B$504<>"")*(Tasks!$F$5:$F$504="")*(Tasks!$E$5:$E$504<>"Done")*(Tasks!$E$5:$E$504<>"Cancelled")) -> 0 | D11: =Lists!A10 -> Cancelled | E11: =COUNTIF(Tasks!$E$5:$E$504,Lists!A10) -> 0 | G11: =Lists!C4 -> Project | H11: =SUMPRODUCT((Tasks!$C$5:$C$504=Lists!C4)*(Tasks!$E$5:$E$504<>"Done")*(Tasks!$E$5:$E$504<>"Cancelled")*(Tasks!$B$5:$B$504<>"")) -> 2
A12: P1 - Critical still open | B12: =SUMPRODUCT((Tasks!$D$5:$D$504="P1 - Critical")*(Tasks!$E$5:$E$504<>"Done")*(Tasks!$E$5:$E$504<>"Cancelled")*(Tasks!$B$5:$B$504<>"")) -> 1 | D12: Total tasks | E12: =COUNTA(Tasks!$B$5:$B$504) -> 6 | G12: =Lists!C5 -> Admin | H12: =SUMPRODUCT((Tasks!$C$5:$C$504=Lists!C5)*(Tasks!$E$5:$E$504<>"Done")*(Tasks!$E$5:$E$504<>"Cancelled")*(Tasks!$B$5:$B$504<>"")) -> 1
D13: Open tasks | E13: =COUNTA(Tasks!$B$5:$B$504)-COUNTIF(Tasks!$E$5:$E$504,"Done")-COUNTIF(Tasks!$E$5:$E$504,"Cancelled") -> 5 | G13: =Lists!C6 -> Meeting / Follow-up | H13: =SUMPRODUCT((Tasks!$C$5:$C$504=Lists!C6)*(Tasks!$E$5:$E$504<>"Done")*(Tasks!$E$5:$E$504<>"Cancelled")*(Tasks!$B$5:$B$504<>"")) -> 1
D14: Completion rate | E14: =IF(COUNTA(Tasks!$B$5:$B$504)=0,0,COUNTIF(Tasks!$E$5:$E$504,"Done")/COUNTA(Tasks!$B$5:$B$504)) -> 0.16666667 | G14: =Lists!C7 -> Learning | H14: =SUMPRODUCT((Tasks!$C$5:$C$504=Lists!C7)*(Tasks!$E$5:$E$504<>"Done")*(Tasks!$E$5:$E$504<>"Cancelled")*(Tasks!$B$5:$B$504<>"")) -> 1
A15: Ideas pipeline | B15: Count | D15: Colour legend | G15: =Lists!C8 -> Personal Dev | H15: =SUMPRODUCT((Tasks!$C$5:$C$504=Lists!C8)*(Tasks!$E$5:$E$504<>"Done")*(Tasks!$E$5:$E$504<>"Cancelled")*(Tasks!$B$5:$B$504<>"")) -> 0
A16: =Lists!D4 -> New | B16: =COUNTIF(Ideas!$F$5:$F$304,Lists!D4) -> 1 | D16: In Progress | G16: =Lists!C9 -> Idea | H16: =SUMPRODUCT((Tasks!$C$5:$C$504=Lists!C9)*(Tasks!$E$5:$E$504<>"Done")*(Tasks!$E$5:$E$504<>"Cancelled")*(Tasks!$B$5:$B$504<>"")) -> 0
A17: =Lists!D5 -> Exploring | B17: =COUNTIF(Ideas!$F$5:$F$304,Lists!D5) -> 1 | D17: Done (struck through) | G17: =Lists!C10 -> Other | H17: =SUMPRODUCT((Tasks!$C$5:$C$504=Lists!C10)*(Tasks!$E$5:$E$504<>"Done")*(Tasks!$E$5:$E$504<>"Cancelled")*(Tasks!$B$5:$B$504<>"")) -> 0
A18: =Lists!D6 -> Promoted to Task | B18: =COUNTIF(Ideas!$F$5:$F$304,Lists!D6) -> 0 | D18: Blocked
A19: =Lists!D7 -> Parked | B19: =COUNTIF(Ideas!$F$5:$F$304,Lists!D7) -> 1 | D19: Postponed
A20: =Lists!D8 -> Dropped | B20: =COUNTIF(Ideas!$F$5:$F$304,Lists!D8) -> 0 | D20: Waiting
A21: Total ideas | B21: =COUNTA(Ideas!$B$5:$B$304) -> 3 | D21: Cancelled (greyed)
D22: Cells you can type in
D23: Calculated cells

Sheet Tasks
A1: Work Tracker - Tasks
A2: Fill the light-yellow columns. Grey columns calculate themselves. Use the dropdowns for Category, Priority and Status.
A4: ID | B4: Task | C4: Category | D4: Priority | E4: Status | F4: Due Date | G4: Days Left | H4: Flag | I4: Started | J4: Completed | K4: Blocked By / Waiting On | L4: Next Action | M4: Notes
A5: =IF(B5="","",ROW()-4) -> 1 | B5: Prepare Q4 planning deck | C5: Project | D5: P1 - Critical | E5: In Progress | F5: 46315 | G5: =IF(OR(F5="",E5="Done",E5="Cancelled"),"",F5-TODAY()) -> 2 | H5: =IF(G5="","",IF(G5<0,"OVERDUE",IF(G5=0,"DUE TODAY",IF(G5<=3,"DUE SOON","")))) -> DUE SOON | I5: 46308 | L5: Finish slides 8-12, send to manager for review | M5: Reuse last quarter's template
A6: =IF(B6="","",ROW()-4) -> 2 | B6: Submit expense report | C6: Admin | D6: P3 - Medium | E6: Not Started | F6: 46320 | G6: =IF(OR(F6="",E6="Done",E6="Cancelled"),"",F6-TODAY()) -> 7 | H6: =IF(G6="","",IF(G6<0,"OVERDUE",IF(G6=0,"DUE TODAY",IF(G6<=3,"DUE SOON","")))) | L6: Collect receipts from travel folder
A7: =IF(B7="","",ROW()-4) -> 3 | B7: Follow up with vendor on contract | C7: Meeting / Follow-up | D7: P2 - High | E7: Waiting | F7: 46312 | G7: =IF(OR(F7="",E7="Done",E7="Cancelled"),"",F7-TODAY()) -> -1 | H7: =IF(G7="","",IF(G7<0,"OVERDUE",IF(G7=0,"DUE TODAY",IF(G7<=3,"DUE SOON","")))) -> OVERDUE | I7: 46303 | K7: Vendor legal team reply | L7: Chase again on Friday if no response
A8: =IF(B8="","",ROW()-4) -> 4 | B8: Set up CI pipeline for new service | C8: Project | D8: P2 - High | E8: Blocked | F8: 46323 | G8: =IF(OR(F8="",E8="Done",E8="Cancelled"),"",F8-TODAY()) -> 10 | H8: =IF(G8="","",IF(G8<0,"OVERDUE",IF(G8=0,"DUE TODAY",IF(G8<=3,"DUE SOON","")))) | I8: 46310 | K8: Need repo access from IT | L8: Ping IT helpdesk ticket #4521
A9: =IF(B9="","",ROW()-4) -> 5 | B9: Read 'Deep Work' chapter 3 | C9: Learning | D9: P4 - Low | E9: Postponed | F9: 46334 | G9: =IF(OR(F9="",E9="Done",E9="Cancelled"),"",F9-TODAY()) -> 21 | H9: =IF(G9="","",IF(G9<0,"OVERDUE",IF(G9=0,"DUE TODAY",IF(G9<=3,"DUE SOON","")))) | L9: Reschedule to next week | M9: Postponed twice already
A10: =IF(B10="","",ROW()-4) -> 6 | B10: Update team onboarding doc | C10: Admin | D10: P3 - Medium | E10: Done | F10: 46311 | G10: =IF(OR(F10="",E10="Done",E10="Cancelled"),"",F10-TODAY()) | H10: =IF(G10="","",IF(G10<0,"OVERDUE",IF(G10=0,"DUE TODAY",IF(G10<=3,"DUE SOON","")))) | I10: 46307 | J10: 46311 | M10: Shared in team channel
A11: =IF(B11="","",ROW()-4) | G11: =IF(OR(F11="",E11="Done",E11="Cancelled"),"",F11-TODAY()) | H11: =IF(G11="","",IF(G11<0,"OVERDUE",IF(G11=0,"DUE TODAY",IF(G11<=3,"DUE SOON",""))))
A12: =IF(B12="","",ROW()-4) | G12: =IF(OR(F12="",E12="Done",E12="Cancelled"),"",F12-TODAY()) | H12: =IF(G12="","",IF(G12<0,"OVERDUE",IF(G12=0,"DUE TODAY",IF(G12<=3,"DUE SOON",""))))
A13: =IF(B13="","",ROW()-4) | G13: =IF(OR(F13="",E13="Done",E13="Cancelled"),"",F13-TODAY()) | H13: =IF(G13="","",IF(G13<0,"OVERDUE",IF(G13=0,"DUE TODAY",IF(G13<=3,"DUE SOON",""))))
A14: =IF(B14="","",ROW()-4) | G14: =IF(OR(F14="",E14="Done",E14="Cancelled"),"",F14-TODAY()) | H14: =IF(G14="","",IF(G14<0,"OVERDUE",IF(G14=0,"DUE TODAY",IF(G14<=3,"DUE SOON",""))))
A15: =IF(B15="","",ROW()-4) | G15: =IF(OR(F15="",E15="Done",E15="Cancelled"),"",F15-TODAY()) | H15: =IF(G15="","",IF(G15<0,"OVERDUE",IF(G15=0,"DUE TODAY",IF(G15<=3,"DUE SOON",""))))
A16: =IF(B16="","",ROW()-4) | G16: =IF(OR(F16="",E16="Done",E16="Cancelled"),"",F16-TODAY()) | H16: =IF(G16="","",IF(G16<0,"OVERDUE",IF(G16=0,"DUE TODAY",IF(G16<=3,"DUE SOON",""))))
A17: =IF(B17="","",ROW()-4) | G17: =IF(OR(F17="",E17="Done",E17="Cancelled"),"",F17-TODAY()) | H17: =IF(G17="","",IF(G17<0,"OVERDUE",IF(G17=0,"DUE TODAY",IF(G17<=3,"DUE SOON",""))))
A18: =IF(B18="","",ROW()-4) | G18: =IF(OR(F18="",E18="Done",E18="Cancelled"),"",F18-TODAY()) | H18: =IF(G18="","",IF(G18<0,"OVERDUE",IF(G18=0,"DUE TODAY",IF(G18<=3,"DUE SOON",""))))
A19: =IF(B19="","",ROW()-4) | G19: =IF(OR(F19="",E19="Done",E19="Cancelled"),"",F19-TODAY()) | H19: =IF(G19="","",IF(G19<0,"OVERDUE",IF(G19=0,"DUE TODAY",IF(G19<=3,"DUE SOON",""))))
A20: =IF(B20="","",ROW()-4) | G20: =IF(OR(F20="",E20="Done",E20="Cancelled"),"",F20-TODAY()) | H20: =IF(G20="","",IF(G20<0,"OVERDUE",IF(G20=0,"DUE TODAY",IF(G20<=3,"DUE SOON",""))))
A21: =IF(B21="","",ROW()-4) | G21: =IF(OR(F21="",E21="Done",E21="Cancelled"),"",F21-TODAY()) | H21: =IF(G21="","",IF(G21<0,"OVERDUE",IF(G21=0,"DUE TODAY",IF(G21<=3,"DUE SOON",""))))
A22: =IF(B22="","",ROW()-4) | G22: =IF(OR(F22="",E22="Done",E22="Cancelled"),"",F22-TODAY()) | H22: =IF(G22="","",IF(G22<0,"OVERDUE",IF(G22=0,"DUE TODAY",IF(G22<=3,"DUE SOON",""))))
... A504: =IF(B504="","",ROW()-4) | G504: =IF(OR(F504="",E504="Done",E504="Cancelled"),"",F504-TODAY()) | H504: =IF(G504="","",IF(G504<0,"OVERDUE",IF(G504=0,"DUE TODAY",IF(G504<=3,"DUE SOON",""))))

Sheet Ideas
A1: Ideas & Someday / Maybe
A2: Park anything you might want to do. When an idea becomes real work, set its status to 'Promoted to Task' and add it to the Tasks sheet.
A4: ID | B4: Idea | C4: Category | D4: Impact | E4: Effort | F4: Status | G4: Added | H4: Why it matters / Notes | I4: First Step
A5: =IF(B5="","",ROW()-4) -> 1 | B5: Automate weekly status report | C5: Project | D5: High | E5: Medium | F5: Exploring | G5: 46301 | H5: Saves ~1 hr every Friday | I5: List the data sources the report pulls from
A6: =IF(B6="","",ROW()-4) -> 2 | B6: Learn SQL window functions | C6: Learning | D6: Medium | E6: Low | F6: New | G6: 46310 | H6: Keeps coming up in analytics requests | I6: Find a 1-hour tutorial
A7: =IF(B7="","",ROW()-4) -> 3 | B7: Propose monthly team demo day | C7: Other | D7: Medium | E7: Low | F7: Parked | G7: 46273 | H7: Good for visibility, revisit next quarter
A8: =IF(B8="","",ROW()-4)
A9: =IF(B9="","",ROW()-4)
A10: =IF(B10="","",ROW()-4)
A11: =IF(B11="","",ROW()-4)
A12: =IF(B12="","",ROW()-4)
A13: =IF(B13="","",ROW()-4)
A14: =IF(B14="","",ROW()-4)
A15: =IF(B15="","",ROW()-4)
A16: =IF(B16="","",ROW()-4)
A17: =IF(B17="","",ROW()-4)
A18: =IF(B18="","",ROW()-4)
A19: =IF(B19="","",ROW()-4)
... A304: =IF(B304="","",ROW()-4)

Sheet Lists
A1: Dropdown lists - edit these to customise the tracker (Dashboard and validations update automatically).
A3: Status | B3: Priority | C3: Category | D3: Idea Status | E3: Level
A4: Not Started | B4: P1 - Critical | C4: Project | D4: New | E4: High
A5: In Progress | B5: P2 - High | C5: Admin | D5: Exploring | E5: Medium
A6: Done | B6: P3 - Medium | C6: Meeting / Follow-up | D6: Promoted to Task | E6: Low
A7: Blocked | B7: P4 - Low | C7: Learning | D7: Parked
A8: Postponed | C8: Personal Dev | D8: Dropped
A9: Waiting | C9: Idea
A10: Cancelled | C10: Other

Sheet How to Use
B1: How to use this tracker
B3: Daily
B4: 1. Open the Dashboard - it shows what is overdue, due soon, blocked, or waiting on someone.
B5: 2. Go to Tasks, add new rows at the bottom (type in any light-yellow cell). ID, Days Left and Flag fill in by themselves.
B6: 3. Update Status with the dropdown: Not Started, In Progress, Done, Blocked, Postponed, Waiting, Cancelled. The row recolours automatically.
B7: 4. When something is Blocked or Waiting, write who/what you are waiting on in 'Blocked By / Waiting On' so the Dashboard can nag you.
B8: 5. Postponing: set Status to Postponed and move the Due Date. Use Notes to record how many times you have pushed it.
B9: 6. Marking Done: set Status to Done and fill 'Completed' - this feeds the 'Completed last 7 days' metric.
B11: Ideas
B12: - Dump anything you might want to do in the Ideas sheet. Rate Impact and Effort; High-impact / Low-effort rows glow green - do those first.
B13: - When you commit to an idea, set it to 'Promoted to Task' and add it to Tasks. Park or Drop the rest without guilt.
B15: Tips
... B20: - Dates use TODAY(), so counts refresh every time you open the file. Each sheet has room for hundreds of rows pre-formatted.
